{"biology": {"corr": 613.0, "wrong": 104.0, "acc": 0.8549511854951185}, "total": {"corr": 613.0, "wrong": 104.0, "acc": 0.8549511854951185}}