{"business": {"corr": 653.0, "wrong": 136.0, "acc": 0.8276299112801014}, "total": {"corr": 653.0, "wrong": 136.0, "acc": 0.8276299112801014}}