{"chemistry": {"corr": 913.0, "wrong": 219.0, "acc": 0.8065371024734982}, "total": {"corr": 913.0, "wrong": 219.0, "acc": 0.8065371024734982}}