{"computer science": {"corr": 325.0, "wrong": 85.0, "acc": 0.7926829268292683}, "total": {"corr": 325.0, "wrong": 85.0, "acc": 0.7926829268292683}}