{"economics": {"corr": 713.0, "wrong": 131.0, "acc": 0.8447867298578199}, "total": {"corr": 713.0, "wrong": 131.0, "acc": 0.8447867298578199}}