{"engineering": {"corr": 626.0, "wrong": 336.0, "acc": 0.6507276507276507}, "total": {"corr": 626.0, "wrong": 336.0, "acc": 0.6507276507276507}}