{"health": {"corr": 561.0, "wrong": 257.0, "acc": 0.6858190709046454}, "total": {"corr": 561.0, "wrong": 257.0, "acc": 0.6858190709046454}}