{"math": {"corr": 1240.0, "wrong": 111.0, "acc": 0.9178386380458919}, "total": {"corr": 1240.0, "wrong": 111.0, "acc": 0.9178386380458919}}