{"other": {"corr": 643.0, "wrong": 281.0, "acc": 0.6958874458874459}, "total": {"corr": 643.0, "wrong": 281.0, "acc": 0.6958874458874459}}