{"philosophy": {"corr": 323.0, "wrong": 176.0, "acc": 0.6472945891783567}, "total": {"corr": 323.0, "wrong": 176.0, "acc": 0.6472945891783567}}