{"physics": {"corr": 1063.0, "wrong": 236.0, "acc": 0.8183217859892224}, "total": {"corr": 1063.0, "wrong": 236.0, "acc": 0.8183217859892224}}