{"biology": {"corr": 630.0, "wrong": 87.0, "acc": 0.8786610878661087}, "total": {"corr": 630.0, "wrong": 87.0, "acc": 0.8786610878661087}}