{"business": {"corr": 613.0, "wrong": 176.0, "acc": 0.7769328263624842}, "total": {"corr": 613.0, "wrong": 176.0, "acc": 0.7769328263624842}}