{"chemistry": {"corr": 861.0, "wrong": 271.0, "acc": 0.7606007067137809}, "total": {"corr": 861.0, "wrong": 271.0, "acc": 0.7606007067137809}}