{"computer science": {"corr": 323.0, "wrong": 87.0, "acc": 0.7878048780487805}, "total": {"corr": 323.0, "wrong": 87.0, "acc": 0.7878048780487805}}