{"economics": {"corr": 697.0, "wrong": 147.0, "acc": 0.8258293838862559}, "total": {"corr": 697.0, "wrong": 147.0, "acc": 0.8258293838862559}}