{"engineering": {"corr": 581.0, "wrong": 388.0, "acc": 0.5995872033023736}, "total": {"corr": 581.0, "wrong": 388.0, "acc": 0.5995872033023736}}