{"health": {"corr": 617.0, "wrong": 201.0, "acc": 0.7542787286063569}, "total": {"corr": 617.0, "wrong": 201.0, "acc": 0.7542787286063569}}