{"law": {"corr": 559.0, "wrong": 542.0, "acc": 0.5077202543142597}, "total": {"corr": 559.0, "wrong": 542.0, "acc": 0.5077202543142597}}