{"math": {"corr": 1170.0, "wrong": 181.0, "acc": 0.8660251665433013}, "total": {"corr": 1170.0, "wrong": 181.0, "acc": 0.8660251665433013}}