{"other": {"corr": 677.0, "wrong": 247.0, "acc": 0.7326839826839827}, "total": {"corr": 677.0, "wrong": 247.0, "acc": 0.7326839826839827}}