{"philosophy": {"corr": 361.0, "wrong": 138.0, "acc": 0.7234468937875751}, "total": {"corr": 361.0, "wrong": 138.0, "acc": 0.7234468937875751}}