{"physics": {"corr": 1007.0, "wrong": 292.0, "acc": 0.775211701308699}, "total": {"corr": 1007.0, "wrong": 292.0, "acc": 0.775211701308699}}