{"psychology": {"corr": 655.0, "wrong": 143.0, "acc": 0.8208020050125313}, "total": {"corr": 655.0, "wrong": 143.0, "acc": 0.8208020050125313}}