{"biology": {"corr": 611.0, "wrong": 106.0, "acc": 0.8521617852161785}, "total": {"corr": 611.0, "wrong": 106.0, "acc": 0.8521617852161785}}