{"business": {"corr": 594.0, "wrong": 195.0, "acc": 0.752851711026616}, "total": {"corr": 594.0, "wrong": 195.0, "acc": 0.752851711026616}}