{"chemistry": {"corr": 786.0, "wrong": 346.0, "acc": 0.6943462897526502}, "total": {"corr": 786.0, "wrong": 346.0, "acc": 0.6943462897526502}}