{"computer science": {"corr": 292.0, "wrong": 118.0, "acc": 0.7121951219512195}, "total": {"corr": 292.0, "wrong": 118.0, "acc": 0.7121951219512195}}