{"economics": {"corr": 668.0, "wrong": 176.0, "acc": 0.7914691943127962}, "total": {"corr": 668.0, "wrong": 176.0, "acc": 0.7914691943127962}}