{"engineering": {"corr": 520.0, "wrong": 449.0, "acc": 0.5366357069143447}, "total": {"corr": 520.0, "wrong": 449.0, "acc": 0.5366357069143447}}