{"health": {"corr": 581.0, "wrong": 237.0, "acc": 0.7102689486552567}, "total": {"corr": 581.0, "wrong": 237.0, "acc": 0.7102689486552567}}