{"law": {"corr": 577.0, "wrong": 524.0, "acc": 0.5240690281562216}, "total": {"corr": 577.0, "wrong": 524.0, "acc": 0.5240690281562216}}