{"math": {"corr": 1061.0, "wrong": 290.0, "acc": 0.7853441894892672}, "total": {"corr": 1061.0, "wrong": 290.0, "acc": 0.7853441894892672}}