{"other": {"corr": 656.0, "wrong": 268.0, "acc": 0.70995670995671}, "total": {"corr": 656.0, "wrong": 268.0, "acc": 0.70995670995671}}