{"philosophy": {"corr": 309.0, "wrong": 190.0, "acc": 0.6192384769539078}, "total": {"corr": 309.0, "wrong": 190.0, "acc": 0.6192384769539078}}