{"physics": {"corr": 919.0, "wrong": 380.0, "acc": 0.7074672825250192}, "total": {"corr": 919.0, "wrong": 380.0, "acc": 0.7074672825250192}}