{"psychology": {"corr": 628.0, "wrong": 170.0, "acc": 0.7869674185463659}, "total": {"corr": 628.0, "wrong": 170.0, "acc": 0.7869674185463659}}