{"biology": {"corr": 592.0, "wrong": 125.0, "acc": 0.8256624825662483}, "total": {"corr": 592.0, "wrong": 125.0, "acc": 0.8256624825662483}}