{"business": {"corr": 561.0, "wrong": 228.0, "acc": 0.7110266159695817}, "total": {"corr": 561.0, "wrong": 228.0, "acc": 0.7110266159695817}}