{"chemistry": {"corr": 752.0, "wrong": 380.0, "acc": 0.6643109540636042}, "total": {"corr": 752.0, "wrong": 380.0, "acc": 0.6643109540636042}}