{"computer science": {"corr": 286.0, "wrong": 124.0, "acc": 0.697560975609756}, "total": {"corr": 286.0, "wrong": 124.0, "acc": 0.697560975609756}}