{"engineering": {"corr": 459.0, "wrong": 510.0, "acc": 0.47368421052631576}, "total": {"corr": 459.0, "wrong": 510.0, "acc": 0.47368421052631576}}