{"health": {"corr": 574.0, "wrong": 244.0, "acc": 0.7017114914425427}, "total": {"corr": 574.0, "wrong": 244.0, "acc": 0.7017114914425427}}