{"law": {"corr": 533.0, "wrong": 568.0, "acc": 0.4841053587647593}, "total": {"corr": 533.0, "wrong": 568.0, "acc": 0.4841053587647593}}