{"math": {"corr": 939.0, "wrong": 412.0, "acc": 0.695040710584752}, "total": {"corr": 939.0, "wrong": 412.0, "acc": 0.695040710584752}}