{"other": {"corr": 629.0, "wrong": 295.0, "acc": 0.6807359307359307}, "total": {"corr": 629.0, "wrong": 295.0, "acc": 0.6807359307359307}}