{"philosophy": {"corr": 307.0, "wrong": 192.0, "acc": 0.6152304609218436}, "total": {"corr": 307.0, "wrong": 192.0, "acc": 0.6152304609218436}}