{"physics": {"corr": 901.0, "wrong": 398.0, "acc": 0.6936104695919938}, "total": {"corr": 901.0, "wrong": 398.0, "acc": 0.6936104695919938}}