{"psychology": {"corr": 615.0, "wrong": 183.0, "acc": 0.7706766917293233}, "total": {"corr": 615.0, "wrong": 183.0, "acc": 0.7706766917293233}}